Country,Fun Facts,Long name,Difficulty,CCA2,CCA3,Latitude,Longitude,Images File Name,Flag,Capital,Continent,2022 Population,2020 Population,2015 Population,2010 Population,2000 Population,1990 Population,1980 Population,1970 Population,Area per Km sq,Density per Km sq,Growth Rate,World Population Percentage,Sub-Region,Currency
Albania,Albania has more than 400km of coastline along the Adriatic and Ionian seas.,Republic of Albania,Medium,AL,ALB,41.00017358,19.87170014,Flag_of_Albania.svg,https://upload.wikimedia.org/wikipedia/commons/3/36/Flag_of_Albania.svg,Tirana,Europe,2842321,2866849,2882481,2913399,3182021,3295066,2941651,2324731,28748,98.8702,0.9957,0.04,Southern Europe,Albanian Lek
Algeria,Algeria is the largest country in Africa by land area.,People's Democratic Republic of Algeria,Medium,DZ,DZA,27.8986169,3.19771194,Flag_of_Algeria.svg,https://upload.wikimedia.org/wikipedia/commons/7/77/Flag_of_Algeria.svg,Algiers,Africa,44903225,43451666,39543154,35856344,30774621,25518074,18739378,13795915,2381741,18.8531,1.0164,0.56,Northern Africa,Algerian Dinar
Andorra,Andorra has a higher number of churches per capita than any other country.,Principality of Andorra,Medium,AD,AND,42.54057088,1.5520134,Flag_of_Andorra.svg,https://upload.wikimedia.org/wikipedia/commons/1/19/Flag_of_Andorra.svg,Andorra la Vella,Europe,79824,77700,71746,71519,66097,53569,35611,19860,468,170.5641,1.01,0,Southern Europe,Euro
Angola,"Angola's official language is Portuguese, and it has a rich cultural heritage including traditional music and dance.",Republic of Angola,Medium,AO,AGO,-12.16469683,16.70933622,Flag_of_Angola.svg,https://upload.wikimedia.org/wikipedia/commons/9/9d/Flag_of_Angola.svg,Luanda,Africa,35588987,33428485,28127721,23364185,16394062,11828638,8330047,6029700,1246700,28.5466,1.0315,0.45,Sub-Saharan Africa,Angolan Kwanza
Antigua and Barbuda,"Antigua and Barbuda has 365 beaches, one for every day of the year.",Antigua and Barbuda,Hard,AG,ATG,17.48060423,-61.42014426,Flag_of_Antigua_and_Barbuda.svg,https://upload.wikimedia.org/wikipedia/commons/8/89/Flag_of_Antigua_and_Barbuda.svg,Saint John’s,North America,93763,92664,89941,85695,75055,63328,64888,64516,442,212.1335,1.0058,0,Latin America and the Caribbean,East Caribbean Dollar
Argentina,Argentina is famous for its tango music and dance.,Argentine Republic,Easy,AR,ARG,-38.01529308,-64.97897469,Flag_of_Argentina.svg,https://upload.wikimedia.org/wikipedia/commons/1/1a/Flag_of_Argentina.svg,Buenos Aires,South America,45510318,45036032,43257065,41100123,37070774,32637657,28024803,23842803,2780400,16.3683,1.0052,0.57,Latin America and the Caribbean,Argentine Peso
Armenia,Armenia was the first nation to adopt Christianity as its state religion in AD 301.,Republic of Armenia,Medium,AM,ARM,40.13475528,45.01072318,Flag_of_Armenia.svg,https://upload.wikimedia.org/wikipedia/commons/2/2f/Flag_of_Armenia.svg,Yerevan,Asia,2780469,2805608,2878595,2946293,3168523,3556539,3135123,2534377,29743,93.4831,0.9962,0.03,Western Asia,Armenian Dram
Australia,Australia is the world's smallest continent but the sixth-largest country by total area.,Australia,Easy,AU,AUS,-26.29594646,133.5554094,Flag_of_Australia_%28converted%29.svg,https://upload.wikimedia.org/wikipedia/commons/8/88/Flag_of_Australia_%28converted%29.svg,Canberra,Oceania,26177413,25670051,23820236,22019168,19017963,17048003,14706322,12595034,7692024,3.4032,1.0099,0.33,Australia and New Zealand,Australian Dollar
Austria,Austria is known for its musical heritage and has been home to famous composers such as Mozart and Beethoven.,Republic of Austria,Easy,AT,AUT,47.63125476,13.18776731,Flag_of_Austria.svg,https://upload.wikimedia.org/wikipedia/commons/4/41/Flag_of_Austria.svg,Vienna,Europe,8939617,8907777,8642421,8362829,8010428,7678729,7547561,7465301,83871,106.5877,1.002,0.11,Western Europe,Euro
Azerbaijan,"Azerbaijan is known as the 'Land of Fire' due to its natural gas reserves and flaming mountain, Yanar Dag.",Republic of Azerbaijan,Medium,AZ,AZE,40.35321757,47.46706372,Flag_of_Azerbaijan.svg,https://upload.wikimedia.org/wikipedia/commons/d/dd/Flag_of_Azerbaijan.svg,Baku,Asia,10358074,10284951,9863480,9237202,8190337,7427836,6383060,5425317,86600,119.6082,1.0044,0.13,Western Asia,Azerbaijan New Manat
The Bahamas,The Bahamas has one of the world's clearest and warmest seas.,Commonwealth of the Bahamas,Hard,BS,BHS,24.45991732,-77.68192453,Flag_of_the_Bahamas.svg,https://upload.wikimedia.org/wikipedia/commons/9/93/Flag_of_the_Bahamas.svg,Nassau,North America,409984,406471,392697,373272,325014,270679,223752,179129,13943,29.4043,1.0051,0.01,Latin America and the Caribbean,Bahamian Dollar
Bahrain,Bahrain is an archipelago consisting of 33 islands.,Kingdom of Bahrain,Hard,BH,BHR,25.90740996,50.65932354,Flag_of_Bahrain.svg,https://upload.wikimedia.org/wikipedia/commons/2/2c/Flag_of_Bahrain.svg,Manama,Asia,1472233,1477469,1362142,1213645,711442,517418,362595,222555,765,1924.4876,1.0061,0.02,Western Asia,Bahraini Dinar
Bangladesh,"Bangladesh has one of the longest natural sea beaches in the world, Cox's Bazar.",People's Republic of Bangladesh,Medium,BD,BGD,24.08273251,90.49915527,Flag_of_Bangladesh.svg,https://upload.wikimedia.org/wikipedia/commons/f/f9/Flag_of_Bangladesh.svg,Dhaka,Asia,171186372,167420951,157830000,148391139,129193327,107147651,83929765,67541860,147570,1160.035,1.0108,2.15,Southern Asia,Bangladeshi Taka
Barbados,"Barbados is known for its annual Crop Over Festival, celebrating the end of the sugar cane harvest.",Barbados,Medium,BB,BRB,13.19383077,-59.543196,Flag_of_Barbados.svg,https://upload.wikimedia.org/wikipedia/commons/e/ef/Flag_of_Barbados.svg,Bridgetown,North America,281635,280693,278083,274711,264657,258868,253575,241397,430,654.9651,1.0015,0,Latin America and the Caribbean,Barbados Dollar
Belarus,"Belarus is home to the Pripyat Marshes, one of the largest swamp areas in Europe.",Republic of Belarus,Medium,BY,BLR,53.58628747,27.953389,Flag_of_Belarus.svg,https://upload.wikimedia.org/wikipedia/commons/8/85/Flag_of_Belarus.svg,Minsk,Europe,9534954,9633740,9700609,9731427,10256483,10428525,9817257,9170786,207600,45.9295,0.9955,0.12,Eastern Europe,Belarussian Ruble
Belgium,"Belgium is famous for its chocolates and has over 2,000 varieties of beer.",Kingdom of Belgium,Easy,BE,BEL,50.49593874,4.469936,Flag_of_Belgium_%28civil%29.svg,https://upload.wikimedia.org/wikipedia/commons/9/92/Flag_of_Belgium_%28civil%29.svg,Brussels,Europe,11655930,11561717,11248303,10877947,10264343,9959560,9828986,9629376,30528,381.8111,1.0038,0.15,Western Europe,Euro
Belize,"Belize has the second-largest barrier reef in the world, the Belize Barrier Reef.",Belize,Hard,BZ,BLZ,17.21153631,-88.01424956,Flag_of_Belize.svg,https://upload.wikimedia.org/wikipedia/commons/e/e7/Flag_of_Belize.svg,Belmopan,North America,405272,394921,359871,322106,240406,182589,145133,120905,22966,17.6466,1.0131,0.01,Latin America and the Caribbean,Belize Dollar
Benin,"Benin is known for the historical Kingdom of Dahomey, which had a powerful army and cultural practices.",Republic of Benin,Medium,BJ,BEN,9.37180859,2.29386134,Flag_of_Benin.svg,https://upload.wikimedia.org/wikipedia/commons/0/0a/Flag_of_Benin.svg,Porto-Novo,Africa,13352864,12643123,10932783,9445710,6998023,5133419,3833939,3023443,112622,118.5635,1.0274,0.17,Sub-Saharan Africa,CFA Franc BCEAO
Bhutan,Bhutan measures its progress with a Gross National Happiness index rather than GDP.,Kingdom of Bhutan,Hard,BT,BTN,27.50752756,90.433603,Flag_of_Bhutan.svg,https://upload.wikimedia.org/wikipedia/commons/9/91/Flag_of_Bhutan.svg,Thimphu,Asia,782455,772506,743274,705516,587207,558442,415257,298894,38394,20.3796,1.0064,0.01,Southern Asia,Bhutan Ngultrum
Bolivia,"Bolivia has the world's largest salt flat, Salar de Uyuni.",Plurinational State of Bolivia,Medium,BO,BOL,-16.74518128,-65.19265691,Flag_of_Bolivia.svg,https://upload.wikimedia.org/wikipedia/commons/4/48/Flag_of_Bolivia.svg,Sucre,South America,12224110,11936162,11090085,10223270,8592656,7096194,5736088,4585693,1098581,11.1272,1.012,0.15,Latin America and the Caribbean,Boliviano
Bosnia and Herzegovina,Bosnia and Herzegovina has a unique blend of Mediterranean and Ottoman influences in its culture.,Bosnia and Herzegovina,Medium,BA,BIH,44.00040856,17.8164091,Flag_of_Bosnia_and_Herzegovina.svg,https://upload.wikimedia.org/wikipedia/commons/b/bf/Flag_of_Bosnia_and_Herzegovina.svg,Sarajevo,Europe,3233526,3318407,3524324,3811088,4179350,4494310,4199820,3815561,51209,63.1437,0.9886,0.04,Southern Europe,Marka
Botswana,"Botswana is renowned for its wildlife and is home to one of Africa's largest salt pans, the Makgadikgadi Pan.",Republic of Botswana,Medium,BW,BWA,-22.18279485,24.22344422,Flag_of_Botswana.svg,https://upload.wikimedia.org/wikipedia/commons/f/fa/Flag_of_Botswana.svg,Gaborone,Africa,2630296,2546402,2305171,2091664,1726985,1341474,938578,592244,582000,4.5194,1.0162,0.03,Sub-Saharan Africa,Botswana Pula
Brazil,"Brazil is famous for its Carnival festival and is home to the Amazon Rainforest, the largest rainforest in the world.",Federative Republic of Brazil,Easy,BR,BRA,-11.80965046,-53.331526,Flag_of_Brazil.svg,https://upload.wikimedia.org/wikipedia/en/0/05/Flag_of_Brazil.svg,Brasilia,South America,215313498,213196304,205188205,196353492,175873720,150706446,122288383,96369875,8515767,25.2841,1.0046,2.7,Latin America and the Caribbean,Brazilian Real
Brunei,Brunei has one of the highest per capita incomes in the world due to its oil reserves.,Brunei Darussalam,Medium,BN,BRN,4.54189364,114.6013282,Flag_of_Brunei.svg,https://upload.wikimedia.org/wikipedia/commons/9/9c/Flag_of_Brunei.svg,Bandar Seri Begawan,Asia,449002,441725,421437,396053,333926,261928,187921,133343,5765,77.8841,1.0081,0.01,South-eastern Asia,Brunei Dollar
Bulgaria,"Bulgaria is known for its Rose Valley, which produces rose oil used in perfumes worldwide.",Republic of Bulgaria,Medium,BG,BGR,42.70160678,25.485832,Flag_of_Bulgaria.svg,https://upload.wikimedia.org/wikipedia/commons/9/9a/Flag_of_Bulgaria.svg,Sofia,Europe,6781953,6979175,7309253,7592273,8097691,8767778,8980606,8582950,110879,61.1654,0.9849,0.09,Eastern Europe,Bulgarian Lev
Burkina Faso,Burkina Faso is known for its vibrant traditional music and cultural festivals.,Burkina Faso,Medium,BF,BFA,12.22492458,-1.561591,Flag_of_Burkina_Faso.svg,https://upload.wikimedia.org/wikipedia/commons/3/31/Flag_of_Burkina_Faso.svg,Ouagadougou,Africa,22673762,21522626,18718019,16116845,11882888,9131361,6932967,5611666,272967,83.0641,1.0259,0.28,Sub-Saharan Africa,CFA Franc BCEAO
Burundi,Burundi is famous for its drum performances and rich cultural traditions.,Republic of Burundi,Medium,BI,BDI,-3.40499707,29.88592902,Flag_of_Burundi.svg,https://upload.wikimedia.org/wikipedia/commons/5/50/Flag_of_Burundi.svg,Bujumbura,Africa,12889576,12220227,10727148,9126605,6307659,5483793,4312834,3497834,27834,463.0874,1.027,0.16,Sub-Saharan Africa,Burundi Franc
Cabo Verde,Cabo Verde is an archipelago with a diverse climate ranging from arid to temperate.,Republic of Cabo Verde,Hard,CV,CPV,15.11988711,-23.6051701,Flag_of_Cape_Verde.svg,https://upload.wikimedia.org/wikipedia/commons/3/38/Flag_of_Cape_Verde.svg,Praia,Africa,593149,582640,552166,521212,458251,364563,317234,287262,4033,147.0739,1.0089,0.01,Sub-Saharan Africa,Cape Verde Escudo
Cambodia,"Cambodia is home to Angkor Wat, the largest religious monument in the world.",Kingdom of Cambodia,Medium,KH,KHM,12.83288883,104.8481427,Flag_of_Cambodia.svg,https://upload.wikimedia.org/wikipedia/commons/8/83/Flag_of_Cambodia.svg,Phnom Penh,Asia,16767842,16396860,15417523,14363532,12118841,8910808,6198959,6708525,181035,92.6221,1.0108,0.21,South-eastern Asia,Kampuchean Riel
Cameroon,Cameroon is often called 'Africa in miniature' because of its diverse cultural and geographical features.,Republic of Cameroon,Easy,CM,CMR,7.38622543,12.72825915,Flag_of_Cameroon.svg,https://upload.wikimedia.org/wikipedia/commons/4/4f/Flag_of_Cameroon.svg,Yaounde,Africa,27914536,26491087,23012646,19878036,15091594,11430520,8519891,6452787,475442,58.7128,1.0263,0.35,Sub-Saharan Africa,CFA Franc BEAC
Canada,"Canada has the longest coastline of any country in the world, stretching over 202,080 kilometers.",Canada,Easy,CA,CAN,60.36196817,-106.6983315,Flag_of_Canada.svg,https://upload.wikimedia.org/wikipedia/en/c/cf/Flag_of_Canada.svg,Ottawa,North America,38454327,37888705,35732126,33963412,30683313,27657204,24511510,21434577,9984670,3.8513,1.0078,0.48,Northern America,Canadian Dollar
Central African Republic,"The Central African Republic is home to the Manovo-Gounda St Floris National Park, a UNESCO World Heritage Site.",Central African Republic,Medium,CF,CAF,6.8254183,20.64281514,Flag_of_the_Central_African_Republic.svg,https://upload.wikimedia.org/wikipedia/commons/6/6f/Flag_of_the_Central_African_Republic.svg,Bangui,Africa,5579144,5343020,4819333,4660067,3759170,2809221,2415276,2067356,622984,8.9555,1.0224,0.07,Sub-Saharan Africa,CFA Franc BEAC
Chad,"Chad has one of the largest deserts in the world, the Sahara, covering much of its territory.",Republic of Chad,Medium,TD,TCD,14.80342407,18.78714064,Flag_of_Chad.svg,https://upload.wikimedia.org/wikipedia/commons/4/4b/Flag_of_Chad.svg,N'Djamena,Africa,17723315,16644701,14140274,11894727,8259137,5827069,4408230,3667394,1284000,13.8032,1.0316,0.22,Sub-Saharan Africa,CFA Franc
Chile,"Chile is home to the Atacama Desert, one of the driest places on Earth.",Republic of Chile,Easy,CL,CHL,-38.0176079,-71.40014474,Flag_of_Chile.svg,https://upload.wikimedia.org/wikipedia/commons/7/78/Flag_of_Chile.svg,Santiago,South America,19603733,19300315,17870124,17004162,15351799,13342868,11469828,9820481,756102,25.9274,1.0057,0.25,Latin America and the Caribbean,Chilean Peso
China,"China is the most populous country in the world and has the Great Wall, one of the Seven Wonders of the World.",People's Republic of China,Easy,CN,CHN,36.7145744,103.558192,Flag_of_the_People%27s_Republic_of_China.svg,https://upload.wikimedia.org/wikipedia/commons/f/fa/Flag_of_the_People%27s_Republic_of_China.svg,Beijing,Asia,1425887337,1424929781,1393715448,1348191368,1264099069,1153704252,982372466,822534450,9706961,146.8933,1,17.88,Eastern Asia,Yuan Renminbi
Colombia,Colombia is known for its coffee production and the annual Flower Festival in Medellín.,Republic of Colombia,Easy,CO,COL,3.6818232,-73.53927436,Flag_of_Colombia.svg,https://upload.wikimedia.org/wikipedia/commons/2/21/Flag_of_Colombia.svg,Bogota,South America,51874024,50930662,47119728,44816108,39215135,32601393,26176195,20905254,1141748,45.4339,1.0069,0.65,Latin America and the Caribbean,Colombian Peso
Comoros,Comoros is an archipelago known for its biodiversity and marine life.,Union of the Comoros,Hard,KM,COM,-11.64529989,43.333302,Flag_of_the_Comoros.svg,https://upload.wikimedia.org/wikipedia/commons/9/94/Flag_of_the_Comoros.svg,Moroni,Africa,836774,806166,730216,656024,536758,431119,328328,242351,1862,449.3953,1.0184,0.01,Sub-Saharan Africa,Comoros Franc
"Congo, Democratic Republic of the","The Congo, Democratic Republic of the is home to the Congo River, the world's second-longest river.",Democratic Republic of Congo,Medium,CD,COD,-4.05373938,23.01110741,Flag_of_the_Democratic_Republic_of_the_Congo.svg,https://upload.wikimedia.org/wikipedia/commons/6/6f/Flag_of_the_Democratic_Republic_of_the_Congo.svg,Kinshasa,Africa,99010212,92853164,78656904,66391257,48616317,35987541,26708686,20151733,2344858,42.2244,1.0325,1.24,Sub-Saharan Africa, Francs
"Congo, Republic of the","The Congo, Republic of the has a significant rainforest that is part of the Congo Basin.",Republic of the Congo,Medium,CG,COG,-0.68967806,15.6903319,Flag_of_the_Republic_of_the_Congo.svg,https://upload.wikimedia.org/wikipedia/commons/9/92/Flag_of_the_Republic_of_the_Congo.svg,Brazzaville,Africa,5970424,5702174,5064386,4437884,3134030,2385435,1829256,1396989,342000,17.4574,1.0231,0.07,Sub-Saharan Africa,CFA Franc BEAC
Costa Rica,Costa Rica is famous for its biodiversity and is a global leader in eco-tourism.,Republic of Costa Rica,Medium,CR,CRI,9.98427463,-84.09949534,Flag_of_Costa_Rica.svg,https://upload.wikimedia.org/wikipedia/commons/f/f2/Flag_of_Costa_Rica.svg,San José,North America,5180829,5123105,4895242,4622252,3979193,3158253,2414303,1855697,51100,101.3861,1.0052,0.06,Latin America and the Caribbean,Costa Rican Colon
Croatia,Croatia has a stunning coastline along the Adriatic Sea and is known for its medieval architecture.,Republic of Croatia,Easy,HR,HRV,44.81372482,16.29039507,Flag_of_Croatia.svg,https://upload.wikimedia.org/wikipedia/commons/1/1b/Flag_of_Croatia.svg,Zagreb,Europe,4030358,4096868,4254815,4368682,4548434,4873707,4680144,4492638,56594,71.2153,0.9927,0.05,Southern Europe,Croatian Kuna
Cuba,"Cuba is known for its vibrant culture, music, and historic Havana.",Republic of Cuba,Easy,CU,CUB,21.54513189,-79.00064743,Flag_of_Cuba.svg,https://upload.wikimedia.org/wikipedia/commons/b/bd/Flag_of_Cuba.svg,Havana,North America,11212191,11300698,11339894,11290417,11105791,10626680,9809107,8869636,109884,102.0366,0.9961,0.14,Latin America and the Caribbean,Cuban Peso
Cyprus,Cyprus is known for its ancient ruins and its role in Greek mythology as the birthplace of Aphrodite.,Republic of Cyprus,Medium,CY,CYP,35.12450768,33.429861,Flag_of_Cyprus.svg,https://upload.wikimedia.org/wikipedia/commons/d/d4/Flag_of_Cyprus.svg,Nicosia,Europe,1251488,1237537,1187280,1129686,948237,788500,679327,640804,9251,135.2814,1.0059,0.02,Western Asia,Euro
Czech Republic,"Czech Republic is famous for its capital Prague, which is known for its beautiful medieval architecture.",Czech Republic,Medium,CZ,CZE,49.76026136,15.53888197,Flag_of_the_Czech_Republic.svg,https://upload.wikimedia.org/wikipedia/commons/c/cb/Flag_of_the_Czech_Republic.svg,Prague,Europe,10493986,10530953,10523798,10464749,10234710,10301192,10270060,9795744,78865,133.0627,0.9984,0.13,Eastern Europe,Czech Koruna
Denmark,Denmark is known for its high quality of life and was one of the happiest countries in the world according to happiness rankings.,Kingdom of Denmark,Easy,DK,DNK,54.71794021,9.41938953,Flag_of_Denmark.svg,https://upload.wikimedia.org/wikipedia/commons/9/9c/Flag_of_Denmark.svg,Copenhagen,Europe,5882261,5825641,5677796,5550849,5340655,5144623,5125392,4922963,43094,136.4984,1.0048,0.07,Northern Europe,Danish Krone
Djibouti,"Djibouti is known for its unique geological features including Lake Assal, one of the saltiest bodies of water on Earth.",Republic of Djibouti,Hard,DJ,DJI,11.75959257,42.65344839,Flag_of_Djibouti.svg,https://upload.wikimedia.org/wikipedia/commons/3/34/Flag_of_Djibouti.svg,Djibouti,Africa,1120849,1090156,1006259,919199,742033,577173,324121,144379,23200,48.3125,1.0138,0.01,Sub-Saharan Africa,Djibouti Franc
Dominica,Dominica is known as the 'Nature Island' due to its lush landscapes and natural hot springs.,Commonwealth of Dominica,Medium,DM,DMA,15.41473963,-61.370974,Flag_of_Dominica.svg,https://upload.wikimedia.org/wikipedia/commons/c/c4/Flag_of_Dominica.svg,Roseau,North America,72737,71995,70007,68755,68346,69481,72978,68895,751,96.8535,1.0045,0,Latin America and the Caribbean,East Caribbean Dollar
Dominican Republic,Dominican Republic is famous for its beautiful beaches and as the birthplace of merengue music.,Dominican Republic,Medium,DO,DOM,18.73076761,-70.162649,Flag_of_the_Dominican_Republic.svg,https://upload.wikimedia.org/wikipedia/commons/9/9f/Flag_of_the_Dominican_Republic.svg,Santo Domingo,North America,11228821,10999664,10405832,9775755,8540791,7129004,5755800,4475871,48671,230.7087,1.01,0.14,Latin America and the Caribbean,Dominican Peso
Ecuador,"Ecuador is home to the Galápagos Islands, which played a key role in Charles Darwin's theory of evolution.",Republic of Ecuador,Medium,EC,ECU,-1.22919037,-78.55693916,Flag_of_Ecuador.svg,https://upload.wikimedia.org/wikipedia/commons/e/e8/Flag_of_Ecuador.svg,Quito,South America,18001000,17588595,16195902,14989585,12626507,10449837,8135845,6172215,276841,65.0229,1.0114,0.23,Latin America and the Caribbean,Ecuador Sucre
Egypt,"Egypt is known for its ancient pyramids and the Sphinx, as well as the Nile River.",Arab Republic of Egypt,Easy,EG,EGY,26.71650873,30.8025,Flag_of_Egypt.svg,https://upload.wikimedia.org/wikipedia/commons/f/fe/Flag_of_Egypt.svg,Cairo,Africa,110990103,107465134,97723799,87252413,71371371,57214630,43748556,34781986,1002450,110.7188,1.0158,1.39,Northern Africa,Egyptian Pound
El Salvador,El Salvador is known for its beautiful volcanoes and its coffee production.,Republic of El Salvador,Medium,SV,SLV,13.79043561,-88.896528,Flag_of_El_Salvador.svg,https://upload.wikimedia.org/wikipedia/commons/3/34/Flag_of_El_Salvador.svg,San Salvador,North America,6336392,6292731,6231066,6114034,5958482,5367179,4508992,3619090,21041,301.145,1.0035,0.08,Latin America and the Caribbean,El Salvador Colon
Equatorial Guinea,Equatorial Guinea has one of the highest per capita incomes in Africa due to its oil reserves.,Republic of Equatorial Guinea,Medium,GQ,GNQ,1.65068442,10.267897,Flag_of_Equatorial_Guinea.svg,https://upload.wikimedia.org/wikipedia/commons/3/31/Flag_of_Equatorial_Guinea.svg,Malabo,Africa,1674908,1596049,1346973,1094524,684977,465549,282509,316955,28051,59.7094,1.0247,0.02,Sub-Saharan Africa,CFA Franc BEAC
Eritrea,Eritrea has a unique mix of cultures and was part of the ancient Kingdom of Aksum.,State of Eritrea,Medium,ER,ERI,15.21227764,39.61204792,Flag_of_Eritrea.svg,https://upload.wikimedia.org/wikipedia/commons/2/29/Flag_of_Eritrea.svg,Asmara,Africa,3684032,3555868,3340006,3147727,2392880,2149960,1657982,1272748,117600,31.3268,1.0176,0.05,Sub-Saharan Africa,Eritrean Nakfa
Estonia,"Estonia is known for its well-preserved medieval architecture in Tallinn, its capital.",Republic of Estonia,Medium,EE,EST,58.74041141,25.38165099,Flag_of_Estonia.svg,https://upload.wikimedia.org/wikipedia/commons/8/8f/Flag_of_Estonia.svg,Tallinn,Europe,1326062,1329444,1314657,1331535,1396877,1570674,1476983,1361999,45227,29.3201,0.998,0.02,Northern Europe,Euro
Ethiopia,Ethiopia is known for its ancient history and is considered the origin of coffee.,Federal Democratic Republic of Ethiopia,Easy,ET,ETH,9.10727589,39.84148164,Flag_of_Ethiopia.svg,https://upload.wikimedia.org/wikipedia/commons/7/71/Flag_of_Ethiopia.svg,Addis Ababa,Africa,123379924,117190911,102471895,89237791,67031867,47878073,34945469,28308246,1104300,111.7268,1.0257,1.55,Sub-Saharan Africa,Ethiopian Birr
Fiji,Fiji is famous for its stunning coral reefs and beautiful beaches.,Republic of Fiji,Hard,FJ,FJI,-17.71219757,178.065036,Flag_of_Fiji.svg,https://upload.wikimedia.org/wikipedia/commons/b/ba/Flag_of_Fiji.svg,Suva,Oceania,929766,920422,917200,905169,832509,780430,644582,527634,18272,50.8847,1.0056,0.01,Melanesia,Fiji Dollar
Finland,Finland is known for its high quality of education and its beautiful natural landscapes including the Northern Lights.,Republic of Finland,Easy,FI,FIN,64.69610892,26.36339137,Flag_of_Finland.svg,https://upload.wikimedia.org/wikipedia/commons/b/bc/Flag_of_Finland.svg,Helsinki,Europe,5540745,5529468,5479461,5363271,5176209,4986545,4779418,4606621,338424,16.3722,1.0009,0.07,Northern Europe,Euro
France,"France is famous for its art, cuisine, and as one of the world's most popular tourist destinations.",French Republic,Easy,FR,FRA,46.48372145,2.60926281,Flag_of_France.svg,https://upload.wikimedia.org/wikipedia/en/c/c3/Flag_of_France.svg,Paris,Europe,64626628,64480053,63809769,62444567,58665453,56412897,53713830,50523586,551695,117.1419,1.0015,0.81,Western Europe,Euro
Gabon,"Gabon is known for its rich biodiversity and the Lope National Park, a UNESCO World Heritage Site.",Gabonese Republic,Medium,GA,GAB,-0.43426435,11.43916591,Flag_of_Gabon.svg,https://upload.wikimedia.org/wikipedia/commons/0/04/Flag_of_Gabon.svg,Libreville,Africa,2388992,2292573,2028517,1711105,1272935,983028,749078,597192,267668,8.9252,1.0204,0.03,Sub-Saharan Africa,CFA Franc BEAC
The Gambia,The Gambia is the smallest country in mainland Africa.,Islamic Republic of the Gambia,Medium,GM,GMB,13.15921146,-15.35956748,Flag_of_The_Gambia.svg,https://upload.wikimedia.org/wikipedia/commons/7/77/Flag_of_The_Gambia.svg,Banjul,Africa,2705992,2573995,2253133,1937275,1437539,1040616,718586,528731,10689,253.1567,1.025,0.03,Sub-Saharan Africa,Gambian Dalasi
Georgia,"Georgia is known for its diverse landscapes including mountains, seas, and deserts.",Georgia,Medium,GE,GEO,41.82754301,44.17329916,Flag_of_Georgia.svg,https://upload.wikimedia.org/wikipedia/commons/0/0f/Flag_of_Georgia.svg,Tbilisi,Asia,3744385,3765912,3771132,3836831,4265172,5391636,5145843,4800426,69700,53.7214,0.9964,0.05,Western Asia,Georgian Lari
Germany,Germany is renowned for its engineering and is home to the annual Oktoberfest beer festival.,Federal Republic of Germany,Easy,DE,DEU,50.82871201,10.97887975,Flag_of_Germany.svg,https://upload.wikimedia.org/wikipedia/en/b/ba/Flag_of_Germany.svg,Berlin,Europe,83369843,83328988,82073226,81325090,81551677,79370196,77786703,78294583,357114,233.4544,0.9995,1.05,Western Europe,Euro
Ghana,Ghana is known for its vibrant culture and its role as one of the world's top producers of cocoa.,Republic of Ghana,Easy,GH,GHA,7.69154199,-1.29234904,Flag_of_Ghana.svg,https://upload.wikimedia.org/wikipedia/commons/1/19/Flag_of_Ghana.svg,Accra,Africa,33475870,32180401,28870939,25574719,19665502,15446982,11865246,8861895,238533,140.3406,1.0196,0.42,Sub-Saharan Africa,Ghanaian Cedi
Greece,Greece is known for its ancient history and as the cradle of Western civilization.,Hellenic Republic,Easy,GR,GRC,38.52254746,24.53794505,Flag_of_Greece.svg,https://upload.wikimedia.org/wikipedia/commons/5/5c/Flag_of_Greece.svg,Athens,Europe,10384971,10512232,10806641,11033783,11038109,10302255,9307148,8544873,131990,78.68,0.9942,0.13,Southern Europe,Euro
Grenada,Grenada is known as the 'Island of Spice' due to its production of nutmeg and other spices.,Grenada,Hard,GD,GRD,12.11644807,-61.678994,Flag_of_Grenada.svg,https://upload.wikimedia.org/wikipedia/commons/b/bc/Flag_of_Grenada.svg,Saint George's,North America,125438,123663,118980,114039,107432,99047,94838,98794,344,364.6453,1.0066,0,Latin America and the Caribbean,East Carribean Dollar
Guatemala,"Guatemala is home to ancient Mayan ruins including Tikal, a UNESCO World Heritage Site.",Republic of Guatemala,Hard,GT,GTM,15.72598421,-89.96707712,Flag_of_Guatemala.svg,https://upload.wikimedia.org/wikipedia/commons/e/ec/Flag_of_Guatemala.svg,Guatemala City,North America,17843908,17362718,16001107,14543121,11735894,9084780,6987767,5453208,108889,163.8725,1.0134,0.22,Latin America and the Caribbean,Guatemalan Quetzal
Guinea,Guinea is known for its rich mineral resources and cultural diversity.,Republic of Guinea,Medium,GN,GIN,9.94301472,-11.31711839,Flag_of_Guinea.svg,https://upload.wikimedia.org/wikipedia/commons/e/ed/Flag_of_Guinea.svg,Conakry,Africa,13859341,13205153,11625998,10270728,8336967,6354145,4972609,4222374,245857,56.3716,1.0242,0.17,Sub-Saharan Africa,Guinea Franc
Guinea-Bissau,Guinea-Bissau is known for its diverse wildlife and cultural heritage.,Republic of Guinea-Bissau,Medium,GW,GNB,11.80050682,-15.180407,Flag_of_Guinea-Bissau.svg,https://upload.wikimedia.org/wikipedia/commons/0/01/Flag_of_Guinea-Bissau.svg,Bissau,Africa,2105566,2015828,1788919,1567220,1230849,973551,831462,591663,36125,58.2856,1.0218,0.03,Sub-Saharan Africa,Guinea-Bissau Peso
Guyana,"Guyana is known for its beautiful rainforests and the Kaieteur Falls, one of the world's largest single-drop waterfalls.",Republic of Guyana,Hard,GY,GUY,4.47957059,-58.72692293,Flag_of_Guyana.svg,https://upload.wikimedia.org/wikipedia/commons/9/99/Flag_of_Guyana.svg,Georgetown,South America,808726,797202,755031,747932,759051,747116,778176,705261,214969,3.7621,1.0052,0.01,Latin America and the Caribbean,Guyana Dollar
Haiti,Haiti is known for its rich cultural heritage and as the first post-colonial independent black-led nation in the world.,Republic of Haiti,Medium,HT,HTI,19.07430861,-72.79607526,Flag_of_Haiti.svg,https://upload.wikimedia.org/wikipedia/commons/5/56/Flag_of_Haiti.svg,Port-au-Prince,North America,11584996,11306801,10563757,9842880,8360225,6925331,5646676,4680812,27750,417.4773,1.012,0.15,Latin America and the Caribbean,Haitian Gourde
Honduras,"Honduras is home to the Copán Mayan ruins, a UNESCO World Heritage Site.",Republic of Honduras,Medium,HN,HND,14.64994423,-87.01643713,Flag_of_Honduras.svg,https://upload.wikimedia.org/wikipedia/commons/8/82/Flag_of_Honduras.svg,Tegucigalpa,North America,10432860,10121763,9294505,8450933,6656725,5053234,3777990,2782753,112492,92.7431,1.015,0.13,Latin America and the Caribbean,Honduran Lempira
Hungary,Hungary is known for its thermal baths and the beautiful city of Budapest.,Hungary,Medium,HU,HUN,46.97670384,19.35499657,Flag_of_Hungary.svg,https://upload.wikimedia.org/wikipedia/commons/c/c1/Flag_of_Hungary.svg,Budapest,Europe,9967308,9750573,9844246,9986825,10202055,10375989,10698679,10315366,93028,107.1431,1.0265,0.12,Eastern Europe,Hungarian Forint
Iceland,"Iceland is known for its stunning landscapes including geysers, volcanoes, and glaciers.",Republic of Iceland,Medium,IS,ISL,64.99294495,-18.57038755,Flag_of_Iceland.svg,https://upload.wikimedia.org/wikipedia/commons/c/ce/Flag_of_Iceland.svg,Reykjavík,Europe,372899,366669,331060,318333,281462,255019,228263,204468,103000,3.6204,1.0069,0,Northern Europe,Iceland Krona
India,"India is known for its diverse culture, rich history, and as the birthplace of major religions including Hinduism and Buddhism.",Republic of India,Easy,IN,IND,20.46549519,78.50146222,Flag_of_India.svg,https://upload.wikimedia.org/wikipedia/en/4/41/Flag_of_India.svg,New Delhi,Asia,1417173173,1396387127,1322866505,1240613620,1059633675,870452165,696828385,557501301,3287590,431.0675,1.0068,17.77,Southern Asia,Indian Rupee
Indonesia,"Indonesia is known for its vast archipelago of over 17,000 islands and rich cultural diversity.",Republic of Indonesia,Medium,ID,IDN,-2.4622968,121.1832979,Flag_of_Indonesia.svg,https://upload.wikimedia.org/wikipedia/commons/9/9f/Flag_of_Indonesia.svg,Jakarta,Asia,275501339,271857970,259091970,244016173,214072421,182159874,148177096,115228394,1904569,144.6529,1.0064,3.45,South-eastern Asia,Indonesian Rupiah
Iran,Iran is known for its ancient history and contributions to science and art during the Persian Empire.,Islamic Republic of Iran,Medium,IR,IRN,31.40240324,51.28204814,Flag_of_Iran.svg,https://upload.wikimedia.org/wikipedia/commons/c/ca/Flag_of_Iran.svg,Tehran,Asia,88550570,87290193,81790841,75373855,65544383,55793629,38520664,28449705,1648195,53.7258,1.0071,1.11,Southern Asia,Iranian Rial
Iraq,Iraq is known for its rich cultural history and as the site of ancient Mesopotamia.,Republic of Iraq,Medium,IQ,IRQ,32.90170182,43.19590056,Flag_of_Iraq.svg,https://upload.wikimedia.org/wikipedia/commons/f/f6/Flag_of_Iraq.svg,Baghdad,Asia,44496122,42556984,37757813,31264875,24628858,17658381,13653369,9811347,438317,101.5158,1.0221,0.56,Western Asia,Iraqi Dinar
Ireland,Ireland is famous for its lush green landscapes and vibrant cultural traditions.,Ireland,Easy,IE,IRL,53.10101628,-8.21092302,Flag_of_Ireland.svg,https://upload.wikimedia.org/wikipedia/commons/4/45/Flag_of_Ireland.svg,Dublin,Europe,5023109,4946119,4665760,4524585,3768950,3485374,3391387,2937637,70273,71.4799,1.0073,0.06,Northern Europe,Euro
Israel,Israel is known for its historical and religious significance and its innovation in technology.,State of Israel,Easy,IL,ISR,30.85883075,34.91753797,Flag_of_Israel.svg,https://upload.wikimedia.org/wikipedia/commons/d/d4/Flag_of_Israel.svg,Jerusalem,Asia,9038309,8757489,8007778,7328445,6116958,4803254,3744608,2907307,20770,435.1617,1.0155,0.11,Western Asia,Israeli New Shekel
Italy,"Italy is famous for its art, cuisine, and historical landmarks including Rome and Venice.",Republic of Italy,Easy,IT,ITA,41.7781084,12.67725128,Flag_of_Italy.svg,https://upload.wikimedia.org/wikipedia/en/0/03/Flag_of_Italy.svg,Rome,Europe,59037474,59500579,60232906,59822450,56966397,56756561,56329482,53324036,301336,195.9191,0.9966,0.74,Southern Europe,Euro
Jamaica,"Jamaica is known for its vibrant music scene, particularly reggae, and its beautiful beaches.",Jamaica,Easy,JM,JAM,18.10838487,-77.297506,Flag_of_Jamaica.svg,https://upload.wikimedia.org/wikipedia/commons/0/0a/Flag_of_Jamaica.svg,Kingston,North America,2827377,2820436,2794445,2733896,2612205,2392030,2135546,1859091,10991,257.2447,0.9999,0.04,Latin America and the Caribbean,Jamaican Dollar
Japan,Japan is known for its unique blend of traditional and modern culture and its technological advancements.,Japan,Easy,JP,JPN,37.51848822,137.6706606,Flag_of_Japan.svg,https://upload.wikimedia.org/wikipedia/en/9/9e/Flag_of_Japan.svg,Tokyo,Asia,123951692,125244761,127250933,128105431,126803861,123686321,117624196,105416839,377930,327.9753,0.9947,1.55,Eastern Asia,Japanese Yen
Jordan,"Jordan is known for the ancient city of Petra, a UNESCO World Heritage Site.",Hashemite Kingdom of Jordan,Medium,JO,JOR,31.31616588,36.3757551,Flag_of_Jordan.svg,https://upload.wikimedia.org/wikipedia/commons/c/c0/Flag_of_Jordan.svg,Amman,Asia,11285869,10928721,9494246,6931258,5056174,3480587,2216903,1557374,89342,126.3221,1.0123,0.14,Western Asia,Jordanian Dinar
Kazakhstan,Kazakhstan is known for its vast steppes and rich mineral resources.,Republic of Kazakhstan,Hard,KZ,KAZ,45.38592596,68.81334444,Flag_of_Kazakhstan.svg,https://upload.wikimedia.org/wikipedia/commons/d/d3/Flag_of_Kazakhstan.svg,Nursultan,Asia,19397998,18979243,17835909,16627837,15236253,16866563,14172710,12265305,2724900,7.1188,1.0105,0.24,Central Asia,Kazakhstan Tenge
Kenya,Kenya is famous for its wildlife and as the home of the Maasai people.,Republic of Kenya,Easy,KE,KEN,0.19582452,37.97212297,Flag_of_Kenya.svg,https://upload.wikimedia.org/wikipedia/commons/4/49/Flag_of_Kenya.svg,Nairobi,Africa,54027487,51985780,46851488,41517895,30851606,23162269,16187124,11473087,580367,93.0919,1.0193,0.68,Sub-Saharan Africa,Kenyan Shilling
Kiribati,Kiribati is an island nation with a unique position across the equator and the International Date Line.,Republic of Kiribati,Hard,KI,KIR,1.87085244,-157.3625931,Flag_of_Kiribati.svg,https://upload.wikimedia.org/wikipedia/commons/d/d3/Flag_of_Kiribati.svg,Tarawa,Oceania,131232,126463,116707,107995,88826,75124,60813,57437,811,161.815,1.0183,0,Micronesia,Australian Dollar
"Korea, North","Korea, North is known for its isolationist policies and unique political system.",Democratic People's Republic of Korea,Medium,KP,PRK,40.007855,127.4881283,Flag_of_North_Korea.svg,https://upload.wikimedia.org/wikipedia/commons/5/51/Flag_of_North_Korea.svg,Pyongyang,Asia,26069416,25867467,25258015,24686435,23367059,20799523,17973650,14996879,120538,216.2755,1.0038,0.33,Eastern Asia,North Korean Won
"Korea, South","Korea, South is known for its technological advancements and vibrant pop culture.",Republic of Korea,Medium,KR,KOR,36.56344139,127.5142465,Flag_of_South_Korea.svg,https://upload.wikimedia.org/wikipedia/commons/0/09/Flag_of_South_Korea.svg,Seoul,Asia,51815810,51844690,50994401,48813042,46788591,44120039,38170501,32601143,100210,517.0722,0.9997,0.65,Eastern Asia,Korean Won
Kuwait,Kuwait is known for its oil reserves and significant wealth per capita.,State of Kuwait,Medium,KW,KWT,29.43253341,47.71798405,Flag_of_Kuwait.svg,https://upload.wikimedia.org/wikipedia/commons/a/aa/Flag_of_Kuwait.svg,Kuwait City,Asia,4268873,4360444,3908743,2943356,1934901,1674938,1493870,802786,17818,239.5821,1.0044,0.05,Western Asia,Kuwaiti Dinar
Kyrgyzstan,Kyrgyzstan is known for its mountainous landscapes and rich cultural traditions.,Kyrgyz Republic,Hard,KG,KGZ,41.11509878,74.25524574,Flag_of_Kyrgyzstan.svg,https://upload.wikimedia.org/wikipedia/commons/c/c7/Flag_of_Kyrgyzstan.svg,Bishkek,Asia,6630623,6424874,5914980,5483774,4935182,4394734,3691209,3016384,199951,33.1612,1.0158,0.08,Central Asia,Som
Laos,Laos is known for its beautiful landscapes and rich cultural heritage including Buddhist temples.,Lao People's Democratic Republic,Hard,LA,LAO,17.76075593,103.6161135,Flag_of_Laos.svg,https://upload.wikimedia.org/wikipedia/commons/5/56/Flag_of_Laos.svg,Vientiane,Asia,7529475,7319399,6787419,6323418,5430853,4314443,3297519,2675283,236800,31.7968,1.0141,0.09,South-eastern Asia,Lao Kip
Latvia,Latvia is known for its well-preserved medieval architecture and rich folk traditions.,Republic of Latvia,Medium,LV,LVA,56.86697515,24.54826936,Flag_of_Latvia.svg,https://upload.wikimedia.org/wikipedia/commons/8/84/Flag_of_Latvia.svg,Riga,Europe,1850651,1897052,1991955,2101530,2392530,2689391,2572037,2397414,64559,28.666,0.9876,0.02,Northern Europe,Latvian Lats
Lebanon,Lebanon is known for its rich history and cultural diversity as a crossroads of various civilizations.,Lebanese Republic,Medium,LB,LBN,34.08249284,35.66454309,Flag_of_Lebanon.svg,https://upload.wikimedia.org/wikipedia/commons/5/59/Flag_of_Lebanon.svg,Beirut,Asia,5489739,5662923,6398940,4995800,4320642,3593700,2963702,2381791,10452,525.2334,0.9816,0.07,Western Asia,Lebanese Pound
Lesotho,Lesotho is a high-altitude country completely surrounded by South Africa.,Kingdom of Lesotho,Medium,LS,LSO,-29.60303205,28.233612,Flag_of_Lesotho.svg,https://upload.wikimedia.org/wikipedia/commons/4/4a/Flag_of_Lesotho.svg,Maseru,Africa,2305825,2254100,2118521,2022747,1998630,1798997,1407672,1023481,30355,75.962,1.0107,0.03,Sub-Saharan Africa,Lesotho Loti
Liberia,Liberia is known for its role in the history of African-American migration and its rich cultural traditions.,Republic of Liberia,Medium,LR,LBR,6.44154681,-9.39103485,Flag_of_Liberia.svg,https://upload.wikimedia.org/wikipedia/commons/b/b8/Flag_of_Liberia.svg,Monrovia,Africa,5302681,5087584,4612329,4019956,2895224,2209731,1932169,1463563,111369,47.6136,1.021,0.07,Sub-Saharan Africa,Liberian Dollar
Libya,"Libya is known for its ancient Roman ruins, including the city of Sabratha.",Libya,Medium,LY,LBY,27.06902914,18.19513987,Flag_of_Libya.svg,https://upload.wikimedia.org/wikipedia/commons/0/05/Flag_of_Libya.svg,Tripoli,Africa,6812341,6653942,6192235,6491988,5154790,4236983,2962720,1909177,1759540,3.8717,1.0114,0.09,Northern Africa,Libyan Dinar
Liechtenstein,Liechtenstein is one of the smallest countries in the world and is known for its financial services sector.,Principality of Liechtenstein,Hard,LI,LIE,47.16587383,9.555377,Flag_of_Liechtenstein.svg,https://upload.wikimedia.org/wikipedia/commons/4/47/Flag_of_Liechtenstein.svg,Vaduz,Europe,39327,38756,37355,35926,33026,28765,25003,21089,160,245.7937,1.0074,0,Western Europe,Swiss Franc
Lithuania,Lithuania is known for its rich medieval history and vibrant cultural traditions.,Republic of Lithuania,Medium,LT,LTU,55.25095948,23.80987587,Flag_of_Lithuania.svg,https://upload.wikimedia.org/wikipedia/commons/1/11/Flag_of_Lithuania.svg,Vilnius,Europe,2750055,2820267,2963765,3139019,3599637,3785847,3521206,3210147,65300,42.1142,0.9869,0.03,Northern Europe,Lithuanian Litas
Luxembourg,Luxembourg is known for its wealth and high standard of living.,Grand Duchy of Luxembourg,Medium,LU,LUX,49.81327712,6.129587,Flag_of_Luxembourg.svg,https://upload.wikimedia.org/wikipedia/commons/d/da/Flag_of_Luxembourg.svg,Luxembourg,Europe,647599,630399,569408,507070,435628,381267,363741,339342,2586,250.425,1.0129,0.01,Western Europe,Euro
Madagascar,"Madagascar is known for its unique biodiversity, with many species found nowhere else on Earth.",Republic of Madagascar,Medium,MG,MDG,-19.79858543,46.97898228,Flag_of_Madagascar.svg,https://upload.wikimedia.org/wikipedia/commons/b/bc/Flag_of_Madagascar.svg,Antananarivo,Africa,29611714,28225177,24850912,21731053,16216431,11882762,8948162,6639751,587041,50.4423,1.0241,0.37,Sub-Saharan Africa,Malagasy Franc
Malawi,"Malawi is known for its stunning Lake Malawi, one of the largest freshwater lakes in Africa.",Republic of Malawi,Medium,MW,MWI,-12.48684092,34.14223524,Flag_of_Malawi.svg,https://upload.wikimedia.org/wikipedia/commons/d/d1/Flag_of_Malawi.svg,Lilongwe,Africa,20405317,19377061,16938942,14718422,11229387,9539665,6267369,4625141,118484,172.22,1.0259,0.26,Sub-Saharan Africa,Malawi Kwacha
Malaysia,Malaysia is known for its diverse cultural heritage and as a major producer of palm oil.,Malaysia,Easy,MY,MYS,4.97345793,106.5460905,Flag_of_Malaysia.svg,https://upload.wikimedia.org/wikipedia/commons/6/66/Flag_of_Malaysia.svg,Kuala Lumpur,Asia,33938221,33199993,31068833,28717731,22945150,17517054,13215707,10306508,330803,102.5934,1.0109,0.43,South-eastern Asia,Malaysian Ringgit
Maldives,Maldives is famous for its stunning coral reefs and as a luxury tourist destination.,Republic of Maldives,Medium,MV,MDV,-0.64224221,73.13373313,Flag_of_Maldives.svg,https://upload.wikimedia.org/wikipedia/commons/0/0f/Flag_of_Maldives.svg,Malé,Asia,523787,514438,435582,361575,282507,224957,164887,123243,300,1745.9567,1.0045,0.01,Southern Asia,Maldive Rufiyaa
Mali,"Mali is known for its historical cities of Timbuktu and Gao, significant in medieval trade routes.",Republic of Mali,Medium,ML,MLI,17.69385811,-1.9636873,Flag_of_Mali.svg,https://upload.wikimedia.org/wikipedia/commons/9/92/Flag_of_Mali.svg,Bamako,Africa,22593590,21224040,18112907,15529181,11239101,8945026,7372581,6153587,1240192,18.2178,1.0314,0.28,Sub-Saharan Africa,CFA Franc BCEAO
Malta,"Malta is known for its rich history, including ancient temples and a strategic location in the Mediterranean.",Republic of Malta,Medium,MT,MLT,35.89706403,14.43687877,Flag_of_Malta.svg,https://upload.wikimedia.org/wikipedia/commons/7/73/Flag_of_Malta.svg,Valletta,Europe,533286,515357,456579,418755,399212,365392,333587,315414,316,1687.6139,1.0124,0.01,Southern Europe,Euro
Marshall Islands,Marshall Islands is known for its beautiful atolls and significant historical sites related to World War II.,Republic of the Marshall Islands,Hard,MH,MHL,7.30130732,168.7551262,Flag_of_the_Marshall_Islands.svg,https://upload.wikimedia.org/wikipedia/commons/2/2e/Flag_of_the_Marshall_Islands.svg,Majuro,Oceania,41569,43413,49410,53416,54224,46047,31988,23969,181,229.663,0.9886,0,Micronesia,US Dollar
Mauritania,Mauritania is known for its vast desert landscapes and historical trading cities.,Islamic Republic of Mauritania,Medium,MR,MRT,20.28331239,-10.21573334,Flag_of_Mauritania.svg,https://upload.wikimedia.org/wikipedia/commons/4/43/Flag_of_Mauritania.svg,Nouakchott,Africa,4736139,4498604,3946220,3419461,2695003,2006027,1506694,1122198,1030700,4.5951,1.0263,0.06,Sub-Saharan Africa,Mauritanian Ouguiya
Mauritius,Mauritius is famous for its beautiful beaches and as a popular tourist destination.,Republic of Mauritius,Medium,MU,MUS,-20.28368188,57.56588291,Flag_of_Mauritius.svg,https://upload.wikimedia.org/wikipedia/commons/7/77/Flag_of_Mauritius.svg,Port Louis,Africa,1299469,1297828,1293153,1283330,1215930,1090290,954865,830115,2040,636.9946,1.0004,0.02,Sub-Saharan Africa,Mauritius Rupee
Mexico,"Mexico is known for its rich cultural heritage, including ancient Maya and Aztec civilizations.",United Mexican States,Easy,MX,MEX,22.92036676,-102.3330534,Flag_of_Mexico.svg,https://upload.wikimedia.org/wikipedia/commons/f/fc/Flag_of_Mexico.svg,Mexico City,North America,127504125,125998302,120149897,112532401,97873442,81720428,67705186,50289306,1964375,64.9082,1.0063,1.6,Latin America and the Caribbean,Mexican Nuevo Peso
"Micronesia, Federated States of","Micronesia, Federated States of is known for its beautiful coral reefs and rich maritime culture.",Federated States of Micronesia,Hard,FM,FSM,6.88747377,158.2150717,Flag_of_the_Federated_States_of_Micronesia.svg,https://upload.wikimedia.org/wikipedia/commons/e/e4/Flag_of_the_Federated_States_of_Micronesia.svg,Palikir,Oceania,114164,112106,109462,107588,111709,98603,76299,58989,702,162.6268,1.0091,0,Micronesia,US Dollar
Moldova,Moldova is known for its wine production and diverse cultural influences.,Republic of Moldova,Hard,MD,MDA,47.10710437,28.54018109,Flag_of_Moldova.svg,https://upload.wikimedia.org/wikipedia/commons/2/27/Flag_of_Moldova.svg,Chisinau,Europe,3272996,3084847,3277388,3678186,4251573,4480199,4103240,3711140,33846,96.7026,1.0691,0.04,Eastern Europe,Moldovan Leu
Monaco,"Monaco is known for its wealth, casinos, and the annual Monaco Grand Prix.",Principality of Monaco,Hard,MC,MCO,43.7046362,6.75444978,Flag_of_Monaco.svg,https://upload.wikimedia.org/wikipedia/commons/e/ea/Flag_of_Monaco.svg,Monaco,Europe,36469,36922,36760,33178,32465,30329,27076,24270,2,18234.5,0.9941,0,Western Europe,Euro
Mongolia,Mongolia is known for its vast steppes and nomadic culture.,Mongolia,Medium,MN,MNG,46.8055627,104.3080898,Flag_of_Mongolia.svg,https://upload.wikimedia.org/wikipedia/commons/4/4c/Flag_of_Mongolia.svg,Ulaanbaatar,Asia,3398366,3294335,2964749,2702520,2450979,2161433,1697780,1293880,1564110,2.1727,1.0151,0.04,Eastern Asia,Mongolian Tugrik
Montenegro,Montenegro is known for its stunning Adriatic coastline and mountainous terrain.,Montenegro,Medium,ME,MNE,42.7169959,19.09699321,Flag_of_Montenegro.svg,https://upload.wikimedia.org/wikipedia/commons/6/64/Flag_of_Montenegro.svg,Podgorica,Europe,627082,629048,633966,631044,633324,621442,589324,530268,13812,45.4012,0.9988,0.01,Southern Europe,Euro
Morocco,Morocco is known for its rich cultural heritage and historical cities like Marrakech and Fes.,Kingdom of Morocco,Easy,MA,MAR,31.95441758,-7.26839325,Flag_of_Morocco.svg,https://upload.wikimedia.org/wikipedia/commons/2/2c/Flag_of_Morocco.svg,Rabat,Africa,37457971,36688772,34680458,32464865,28554415,24570814,19678444,15274351,446550,83.883,1.0103,0.47,Northern Africa,Moroccan Dirham
Mozambique,Mozambique is known for its beautiful coastline and rich biodiversity.,Republic of Mozambique,Medium,MZ,MOZ,-19.07617816,33.81570282,Flag_of_Mozambique.svg,https://upload.wikimedia.org/wikipedia/commons/d/d0/Flag_of_Mozambique.svg,Maputo,Africa,32969517,31178239,26843246,23073723,17768505,13303459,11413587,8411676,801590,41.1302,1.0278,0.41,Sub-Saharan Africa,Mozambique Metical
Myanmar (Burma),Myanmar (Burma) is known for its ancient temples and unique cultural heritage.,Republic of Union of Myanmar,Hard,MM,MMR,19.2098538,96.54949272,Flag_of_Myanmar.svg,https://upload.wikimedia.org/wikipedia/commons/8/8c/Flag_of_Myanmar.svg,Nay Pyi Taw,Asia,54179306,53423198,51483949,49390988,45538332,40099553,33465781,27284112,676578,80.0784,1.0071,0.68,South-eastern Asia,Myanmar Kyat
Namibia,Namibia is known for its stunning landscapes including the Namib Desert and Etosha National Park.,Republic of Namibia,Medium,,NAM,-22.7096562,16.72161918,Flag_of_Namibia.svg,https://upload.wikimedia.org/wikipedia/commons/0/00/Flag_of_Namibia.svg,Windhoek,Africa,2567012,2489098,2282704,2099271,1819141,1369011,975994,754467,825615,3.1092,1.0146,0.03,Sub-Saharan Africa,Namibian Dollar
Nauru,"Nauru is known for its phosphate mining industry and small size, being one of the smallest countries in the world.",Republic of Nauru,Hard,NR,NRU,-0.52586763,166.9327046,Flag_of_Nauru.svg,https://upload.wikimedia.org/wikipedia/commons/3/30/Flag_of_Nauru.svg,Yaren,Oceania,12668,12315,11185,10241,10377,9598,7635,6663,21,603.2381,1.0125,0,Micronesia,Australian Dollar
Nepal,"Nepal is famous for its mountainous terrain and as the home of Mount Everest, the highest peak in the world.",Federal Democratic Republic of Nepal,Medium,NP,NPL,28.2843077,83.98119373,Flag_of_Nepal.svg,https://upload.wikimedia.org/wikipedia/commons/9/9b/Flag_of_Nepal.svg,Kathmandu,Asia,30547580,29348627,27610325,27161567,24559500,19616530,15600442,12501285,147181,207.5511,1.0171,0.38,Southern Asia,Nepalese Rupee
Netherlands,"Netherlands is known for its flat landscapes, canals, and windmills.",Kingdom of Netherlands,Easy,NL,NLD,52.33939951,4.98914998,Flag_of_the_Netherlands.svg,https://upload.wikimedia.org/wikipedia/commons/2/20/Flag_of_the_Netherlands.svg,Amsterdam,Europe,17564014,17434557,17041107,16617116,15899135,14944548,14130387,13037686,41850,419.6897,1.0036,0.22,Western Europe,Euro
New Zealand,"New Zealand is famous for its stunning natural landscapes and as the filming location for many movies, including 'The Lord of the Rings.'",New Zealand,Easy,NZ,NZL,-40.95025298,171.7658618,Flag_of_New_Zealand.svg,https://upload.wikimedia.org/wikipedia/commons/3/3e/Flag_of_New_Zealand.svg,Wellington,Oceania,5185288,5061133,4590590,4346338,3855266,3397389,3147168,2824061,270467,19.1716,1.0108,0.07,Australia and New Zealand,New Zealand Dollar
Nicaragua,Nicaragua is known for its volcanic landscapes and beautiful lakes.,Republic of Nicaragua,Medium,NI,NIC,12.91806226,-84.82270352,Flag_of_Nicaragua.svg,https://upload.wikimedia.org/wikipedia/commons/1/19/Flag_of_Nicaragua.svg,Managua,North America,6948392,6755895,6298598,5855734,5123222,4227820,3303309,2444767,130373,53.2962,1.0143,0.09,Latin America and the Caribbean,Nicaraguan Cordoba Oro
Niger,Niger is known for its vast desert landscapes and historic trading routes.,Republic of Niger,Medium,NE,NER,17.23446679,8.2354786,Flag_of_Niger.svg,https://upload.wikimedia.org/wikipedia/commons/f/f4/Flag_of_Niger.svg,Niamey,Africa,26207977,24333639,20128124,16647543,11622665,8370647,6173177,4669708,1267000,20.6851,1.0378,0.33,Sub-Saharan Africa,CFA Franc BCEAO
Nigeria,Nigeria is known for its diverse cultures and as one of the largest economies in Africa.,Federal Republic of Nigeria,Easy,NG,NGA,9.02165273,7.82933373,Flag_of_Nigeria.svg,https://upload.wikimedia.org/wikipedia/commons/7/79/Flag_of_Nigeria.svg,Abuja,Africa,218541212,208327405,183995785,160952853,122851984,95214257,72951439,55569264,923768,236.5759,1.0241,2.74,Sub-Saharan Africa,Nigerian Naira
Norway,Norway is known for its stunning fjords and high quality of life.,Kingdom of Norway,Easy,NO,NOR,65.04680297,13.50069228,Flag_of_Norway.svg,https://upload.wikimedia.org/wikipedia/commons/d/d9/Flag_of_Norway.svg,Oslo,Europe,5434319,5379839,5190356,4889741,4491202,4241636,4085776,3875546,323802,16.7828,1.0058,0.07,Northern Europe,Norwegian Krone
Oman,Oman is known for its rich history and beautiful desert landscapes.,Sultanate of Oman,Medium,OM,OMN,20.69906846,56.69230596,Flag_of_Oman.svg,https://upload.wikimedia.org/wikipedia/commons/d/dd/Flag_of_Oman.svg,Muscat,Asia,4576298,4543399,4191776,2881914,2344253,1804524,1017462,670693,309500,14.7861,1.0123,0.06,Western Asia,Omani Rial
Pakistan,"Pakistan is known for its diverse landscapes and historical sites, including Mohenjo-Daro.",Islamic Republic of Pakistan,Medium,PK,PAK,29.90335974,70.34487986,Flag_of_Pakistan.svg,https://upload.wikimedia.org/wikipedia/commons/3/32/Flag_of_Pakistan.svg,Islamabad,Asia,235824862,227196741,210969298,194454498,154369924,115414069,80624057,59290872,881912,267.4018,1.0191,2.96,Southern Asia,Pakistan Rupee
Palau,Palau is known for its beautiful marine life and coral reefs.,Republic of Palau,Medium,PW,PLW,7.49856307,134.572915,Flag_of_Palau.svg,https://upload.wikimedia.org/wikipedia/commons/4/48/Flag_of_Palau.svg,Ngerulmud,Oceania,18055,17972,17794,18540,19726,15293,12252,11366,459,39.3355,1.0017,0,Micronesia,US Dollar
Panama,"Panama is famous for the Panama Canal, a crucial maritime route connecting the Atlantic and Pacific Oceans.",Republic of Panama,Medium,PA,PAN,8.52135102,-80.04603702,Flag_of_Panama.svg,https://upload.wikimedia.org/wikipedia/commons/a/ab/Flag_of_Panama.svg,Panama City,North America,4408581,4294396,3957099,3623617,3001731,2449968,1956987,1516188,75417,58.4561,1.0132,0.06,Latin America and the Caribbean,Panamanian Balboa
Papua New Guinea,Papua New Guinea is known for its rich cultural diversity and unique languages.,Independent State of Papua New Guinea,Medium,PG,PNG,-6.62414046,144.4499348,Flag_of_Papua_New_Guinea.svg,https://upload.wikimedia.org/wikipedia/commons/e/e3/Flag_of_Papua_New_Guinea.svg,Port Moresby,Oceania,10142619,9749640,8682174,7583269,5508297,3864972,3104788,2489059,462840,21.9139,1.0194,0.13,Melanesia,Papua New Guinea Kina
Paraguay,"Paraguay is known for its indigenous cultures and natural beauty, including the Chaco region.",Republic of Paraguay,Medium,PY,PRY,-23.38564782,-58.29551057,Flag_of_Paraguay.svg,https://upload.wikimedia.org/wikipedia/commons/2/27/Flag_of_Paraguay.svg,Asunción,South America,6780744,6618695,6177950,5768613,5123819,4059195,3078912,2408787,406752,16.6705,1.0115,0.09,Latin America and the Caribbean,Paraguay Guarani
Peru,"Peru is famous for its ancient Incan heritage, including the city of Machu Picchu.",Republic of Peru,Medium,PE,PER,-8.50205247,-76.15772412,Flag_of_Peru.svg,https://upload.wikimedia.org/wikipedia/commons/c/cf/Flag_of_Peru.svg,Lima,South America,34049588,33304756,30711863,29229572,26654439,22109099,17492406,13562371,1285216,26.4933,1.0099,0.43,Latin America and the Caribbean,Peruvian Nuevo Sol
Philippines,Philippines is known for its beautiful beaches and as one of the world's most biodiverse countries.,Republic of Philippines,Medium,PH,PHL,12.823612,121.774017,Flag_of_the_Philippines.svg,https://upload.wikimedia.org/wikipedia/commons/9/99/Flag_of_the_Philippines.svg,Manila,Asia,115559009,112190977,103031365,94636700,77958223,61558898,48419546,37435586,342353,337.5434,1.0147,1.45,South-eastern Asia,Philippine Peso
Poland,"Poland is known for its rich history, including medieval architecture and significant WWII landmarks.",Republic of Poland,Easy,PL,POL,52.10117636,19.33190957,Flag_of_Poland.svg,https://upload.wikimedia.org/wikipedia/en/1/12/Flag_of_Poland.svg,Warsaw,Europe,39857145,38428366,38553146,38597353,38504431,38064255,35521429,32482943,312679,127.4698,1.0404,0.5,Eastern Europe,Polish Zloty
Portugal,"Portugal is famous for its historic cities and as the origin of the world-famous Portuguese wine, Port.",Portuguese Republic,Easy,PT,PRT,39.44879136,-8.03768042,Flag_of_Portugal.svg,https://upload.wikimedia.org/wikipedia/commons/5/5c/Flag_of_Portugal.svg,Lisbon,Europe,10270865,10298192,10365435,10588401,10300626,10007346,9785252,8683631,92090,111.5307,0.9981,0.13,Southern Europe,Euro
Qatar,Qatar is known for its rapid economic development and significant oil reserves.,State of Qatar,Medium,QA,QAT,25.24551555,51.2443148,Flag_of_Qatar.svg,https://upload.wikimedia.org/wikipedia/commons/6/65/Flag_of_Qatar.svg,Doha,Asia,2695122,2760385,2414573,1713504,645937,441675,277450,118007,11586,232.6189,1.0026,0.03,Western Asia,Qatari Rial
Romania,"Romania is known for its medieval castles and rich folklore, including the legend of Dracula.",Romania,Medium,RO,ROU,45.56450023,25.21945155,Flag_of_Romania.svg,https://upload.wikimedia.org/wikipedia/commons/7/73/Flag_of_Romania.svg,Bucharest,Europe,19659267,19442038,19906079,20335211,21919876,22836234,22125224,19922618,238391,82.4665,1.0171,0.25,Eastern Europe,Romanian New Leu
Russia,Russia is the largest country in the world by land area and is known for its rich cultural history.,Russian Federation,Easy,RU,RUS,57.96812298,102.4183714,Flag_of_Russia.svg,https://upload.wikimedia.org/wikipedia/en/f/f3/Flag_of_Russia.svg,Moscow,Europe,144713314,145617329,144668389,143242599,146844839,148005704,138257420,130093010,17098242,8.4636,0.9973,1.81,Eastern Europe,Russian Ruble
Rwanda,Rwanda is known for its successful conservation efforts for endangered mountain gorillas.,Republic of Rwanda,Medium,RW,RWA,-1.98589079,29.94255855,Flag_of_Rwanda.svg,https://upload.wikimedia.org/wikipedia/commons/1/17/Flag_of_Rwanda.svg,Kigali,Africa,13776698,13146362,11642959,10309031,8109989,7319962,5247532,3896367,26338,523.0731,1.0234,0.17,Sub-Saharan Africa,Rwanda Franc
Saint Kitts and Nevis,Saint Kitts and Nevis is known for its beautiful beaches and as the smallest country in the Western Hemisphere.,Saint Kitts and Nevis,Hard,KN,KNA,17.33453669,-62.76411725,Flag_of_Saint_Kitts_and_Nevis.svg,https://upload.wikimedia.org/wikipedia/commons/f/fe/Flag_of_Saint_Kitts_and_Nevis.svg,Basseterre,North America,47657,47642,47790,47403,45461,40636,43097,44968,261,182.5939,1.0011,0,Latin America and the Caribbean,East Caribbean Dollar
Saint Lucia,"Saint Lucia is famous for its stunning volcanic beaches and the Pitons, two iconic mountain peaks.",Saint Lucia,Hard,LC,LCA,13.90938495,-60.978895,Flag_of_Saint_Lucia.svg,https://upload.wikimedia.org/wikipedia/commons/9/9f/Flag_of_Saint_Lucia.svg,Castries,North America,179857,179237,175623,170935,159500,142301,121633,103090,616,291.9756,1.0011,0,Latin America and the Caribbean,East Caribbean Dollar
Saint Vincent and the Grenadines,Saint Vincent and the Grenadines is known for its beautiful islands and as a popular destination for sailing.,Saint Vincent and the Grenadines,Hard,VC,VCT,13.25276143,-61.197098,Flag_of_Saint_Vincent_and_the_Grenadines.svg,https://upload.wikimedia.org/wikipedia/commons/6/6d/Flag_of_Saint_Vincent_and_the_Grenadines.svg,Kingstown,North America,103948,104632,106482,109308,113813,112487,107480,98459,389,267.2185,0.9963,0,Latin America and the Caribbean,East Caribbean Dollar
Samoa,Samoa is known for its rich Polynesian culture and beautiful natural landscapes.,Independent State of Samoa,Hard,WS,WSM,-13.57998954,-172.4520736,Flag_of_Samoa.svg,https://upload.wikimedia.org/wikipedia/commons/3/31/Flag_of_Samoa.svg,Apia,Oceania,222382,214929,203571,194672,184008,168186,164905,142771,2842,78.2484,1.0165,0,Polynesia,Samoan Tala
San Marino,San Marino is one of the world's smallest countries and has a rich medieval history.,Republic of San Marino,Hard,SM,SMR,43.94223356,12.457777,Flag_of_San_Marino.svg,https://upload.wikimedia.org/wikipedia/commons/b/b1/Flag_of_San_Marino.svg,San Marino,Europe,33660,34007,33570,31608,26823,23132,21346,18169,61,551.8033,0.9975,0,Southern Europe,Euro
Saudi Arabia,Saudi Arabia is known for its vast deserts and as the birthplace of Islam.,Kingdom of Saudi Arabia,Easy,SA,SAU,24.16687314,42.88190638,Flag_of_Saudi_Arabia.svg,https://upload.wikimedia.org/wikipedia/commons/0/0d/Flag_of_Saudi_Arabia.svg,Riyadh,Asia,36408820,35997107,32749848,29411929,21547390,16004763,10171710,6106191,2149690,16.9368,1.0128,0.46,Western Asia,Saudi Riyal
Senegal,Senegal is famous for its vibrant music scene and historical sites like Goree Island.,Republic of Senegal,Medium,SN,SEN,14.43579003,-14.68306489,Flag_of_Senegal.svg,https://upload.wikimedia.org/wikipedia/commons/f/fd/Flag_of_Senegal.svg,Dakar,Africa,17316449,16436119,14356181,12530121,9704287,7536001,5703869,4367744,196722,88.025,1.0261,0.22,Sub-Saharan Africa,CFA Franc BCEAO
Serbia,Serbia is known for its cultural festivals and rich history.,Republic of Serbia,Medium,RS,SRB,44.06736041,20.29725084,Flag_of_Serbia.svg,https://upload.wikimedia.org/wikipedia/commons/f/ff/Flag_of_Serbia.svg,Belgrade,Europe,7221365,7358005,7519496,7653748,7935022,7987529,7777010,7193533,88361,81.7257,0.9897,0.09,Southern Europe,Dinar
Seychelles,Seychelles is famous for its beautiful beaches and unique biodiversity.,Republic of Seychelles,Hard,SC,SYC,-4.68053204,55.49061371,Flag_of_Seychelles.svg,https://upload.wikimedia.org/wikipedia/commons/f/fc/Flag_of_Seychelles.svg,Victoria,Africa,107118,105530,99240,92409,80060,71057,65290,54379,452,236.9867,1.0061,0,Sub-Saharan Africa,Seychelles Rupee
Sierra Leone,Sierra Leone is known for its rich cultural heritage and the stunning natural beauty of its landscapes.,Republic of Sierra Leone,Medium,SL,SLE,8.45575589,-11.93368759,Flag_of_Sierra_Leone.svg,https://upload.wikimedia.org/wikipedia/commons/1/17/Flag_of_Sierra_Leone.svg,Freetown,Africa,8605718,8233969,7314773,6436698,4584067,4325388,3367477,2778557,71740,119.957,1.022,0.11,Sub-Saharan Africa,Sierra Leone Leone
Singapore,Singapore is known for its clean and efficient urban environment and as a major financial hub.,Republic of Singapore,Medium,SG,SGP,1.33873261,103.8332356,Flag_of_Singapore.svg,https://upload.wikimedia.org/wikipedia/commons/4/48/Flag_of_Singapore.svg,Singapore,Asia,5975689,5909869,5650018,5163590,4053602,3022209,2400729,2061831,710,8416.4634,1.0058,0.07,South-eastern Asia,Singapore Dollar
Slovakia,Slovakia is known for its picturesque castles and beautiful mountain landscapes.,Slovak Republic,Medium,SK,SVK,48.66923253,19.75396564,Flag_of_Slovakia.svg,https://upload.wikimedia.org/wikipedia/commons/e/e6/Flag_of_Slovakia.svg,Bratislava,Europe,5643453,5456681,5424444,5396424,5376690,5261305,4973883,4522867,49037,115.0856,1.0359,0.07,Eastern Europe,Euro
Slovenia,"Slovenia is famous for its diverse landscapes, including lakes, mountains, and caves.",Republic of Slovenia,Medium,SI,SVN,46.14315048,14.995463,Flag_of_Slovenia.svg,https://upload.wikimedia.org/wikipedia/commons/f/f0/Flag_of_Slovenia.svg,Ljubljana,Europe,2119844,2117641,2080862,2057286,1984339,1986024,1901570,1741286,20273,104.5649,1.0002,0.03,Southern Europe,Euro
Solomon Islands,Solomon Islands is known for its beautiful coral reefs and rich cultural heritage.,Solomon Islands,Hard,SB,SLB,-9.6455428,160.156194,Flag_of_the_Solomon_Islands.svg,https://upload.wikimedia.org/wikipedia/commons/7/74/Flag_of_the_Solomon_Islands.svg,Honiara,Oceania,724273,691191,612660,540394,429978,324171,233668,172833,28896,25.0648,1.0232,0.01,Melanesia,Solomon Islands Dollar
Somalia,Somalia is known for its rich oral poetry tradition and the beautiful coastline along the Indian Ocean.,Federal Republic of Somalia,Medium,SO,SOM,2.87224619,45.27676444,Flag_of_Somalia.svg,https://upload.wikimedia.org/wikipedia/commons/a/a0/Flag_of_Somalia.svg,Mogadishu,Africa,17597511,16537016,13763906,12026649,8721465,6999096,5892224,3720977,637657,27.5971,1.0312,0.22,Sub-Saharan Africa,Somali Shilling
South Africa,"South Africa is known for its diverse cultures, languages, and landscapes, including Kruger National Park.",Republic of South Africa,Easy,ZA,ZAF,-27.17706863,24.50856092,Flag_of_South_Africa.svg,https://upload.wikimedia.org/wikipedia/commons/a/af/Flag_of_South_Africa.svg,Pretoria,Africa,59893885,58801927,55876504,51784921,46813266,39877570,29463549,22368306,1221037,49.0517,1.0084,0.75,Sub-Saharan Africa,South African Rand
South Sudan,South Sudan is known for its diverse ethnic groups and ongoing efforts towards peace and development.,Republic of South Sudan,Hard,SS,SSD,7.91320803,30.15342434,Flag_of_South_Sudan.svg,https://upload.wikimedia.org/wikipedia/commons/7/7a/Flag_of_South_Sudan.svg,Juba,Africa,10913164,10606227,11194299,9714419,6114440,4750817,4192011,3342410,619745,17.6091,1.0153,0.14,Sub-Saharan Africa,South Sudan Pound
Spain,"Spain is famous for its cultural festivals, historical landmarks, and as the birthplace of Flamenco music.",Kingdom of Spain,Easy,ES,ESP,39.87299401,-3.67089492,Flag_of_Spain.svg,https://upload.wikimedia.org/wikipedia/en/9/9a/Flag_of_Spain.svg,Madrid,Europe,47558630,47363807,46431342,46572772,40741651,38889889,37491666,33792617,505992,93.9909,1.0015,0.6,Southern Europe,Euro
Sri Lanka,"Sri Lanka is known for its stunning beaches, ancient temples, and rich biodiversity.",Democratic Socialist Republic of Sri Lanka,Medium,LK,LKA,7.61264985,80.83772497,Flag_of_Sri_Lanka.svg,https://upload.wikimedia.org/wikipedia/commons/1/11/Flag_of_Sri_Lanka.svg,Colombo,Asia,21832143,21715079,21336697,20668557,18776371,17204094,14943645,12388769,65610,332.7563,1.0027,0.27,Southern Asia,Sri Lanka Rupee
Sudan,"Sudan is known for its ancient pyramids and archaeological sites, including Nubian pyramids.",Republic of Sudan,Hard,SD,SDN,15.96646839,30.37145459,Flag_of_Sudan.svg,https://upload.wikimedia.org/wikipedia/commons/0/01/Flag_of_Sudan.svg,Khartoum,Africa,46874204,44440486,38171178,33739933,26298773,21090886,16673586,11305206,1886068,24.8529,1.0267,0.59,Northern Africa,Sudanese Pound
Suriname,Suriname is known for its diverse cultural influences and lush rainforest.,Republic of Suriname,Hard,SR,SUR,4.26470865,-55.93988238,Flag_of_Suriname.svg,https://upload.wikimedia.org/wikipedia/commons/6/60/Flag_of_Suriname.svg,Paramaribo,South America,618040,607065,575475,546080,478998,412756,375112,379918,163820,3.7727,1.0082,0.01,Latin America and the Caribbean,Surinam Dollar
Sweden,Sweden is known for its high standard of living and beautiful natural landscapes.,Kingdom of Sweden,Easy,SE,SWE,61.42370427,16.73188991,Flag_of_Sweden.svg,https://upload.wikimedia.org/wikipedia/en/4/4c/Flag_of_Sweden.svg,Stockholm,Europe,10549347,10368969,9849349,9381729,8871043,8548406,8311763,8027702,450295,23.4276,1.0079,0.13,Northern Europe,Swedish Krona
Switzerland,"Switzerland is famous for its banking industry, beautiful Alps, and as a hub for international diplomacy.",Swiss Confederation,Easy,CH,CHE,46.81010721,8.227512,Flag_of_Switzerland_%28Pantone%29.svg,https://upload.wikimedia.org/wikipedia/commons/0/08/Flag_of_Switzerland_%28Pantone%29.svg,Bern,Europe,8740472,8638613,8281732,7822435,7182059,6711693,6319113,6181227,41284,211.7157,1.0056,0.11,Western Europe,Swiss Franc
Syria,"Syria is known for its rich historical sites, including ancient cities like Palmyra.",Syrian Arab Republic,Medium,SY,SYR,34.7109743,38.66723516,Flag_of_Syria.svg,https://upload.wikimedia.org/wikipedia/commons/5/53/Flag_of_Syria.svg,Damascus,Asia,22125249,20772595,19205178,22337563,16307654,12408996,8898954,6319199,185180,119.4797,1.0376,0.28,Western Asia,Syrian Pound
Tajikistan,Tajikistan is known for its mountainous terrain and beautiful Pamir Mountains.,Republic of Tajikistan,Hard,TJ,TJK,38.68075124,71.23215769,Flag_of_Tajikistan.svg,https://upload.wikimedia.org/wikipedia/commons/d/d0/Flag_of_Tajikistan.svg,Dushanbe,Asia,9952787,9543207,8524063,7621779,6272998,5417860,4045965,2993019,143100,69.5513,1.0208,0.12,Central Asia,Tajik Somoni
Tanzania,"Tanzania is famous for its wildlife, including the Serengeti National Park and Mount Kilimanjaro.",United Republic of Tanzania,Medium,TZ,TZA,-6.37551085,34.85587302,Flag_of_Tanzania.svg,https://upload.wikimedia.org/wikipedia/commons/3/38/Flag_of_Tanzania.svg,Dodoma,Africa,65497748,61704518,52542823,45110527,34463704,26206012,19297659,13618192,945087,69.3034,1.03,0.82,Sub-Saharan Africa,Tanzanian Shilling
Thailand,"Thailand is known for its rich cultural heritage, beautiful beaches, and as a top tourist destination.",Kingdom of Thailand,Medium,TH,THA,14.6000981,101.3880588,Flag_of_Thailand.svg,https://upload.wikimedia.org/wikipedia/commons/a/a9/Flag_of_Thailand.svg,Bangkok,Asia,71697030,71475664,70294397,68270489,63066603,55228410,45737753,35791728,513120,139.7276,1.0013,0.9,South-eastern Asia,Thai Baht
Togo,Togo is known for its diverse cultures and beautiful coastal landscapes.,Togolese Republic,Medium,TG,TGO,8.68089206,0.86049757,Flag_of_Togo.svg,https://upload.wikimedia.org/wikipedia/commons/6/68/Flag_of_Togo.svg,Lomé,Africa,8848699,8442580,7473229,6571855,5008035,3875947,2838110,2197383,56785,155.8281,1.0236,0.11,Sub-Saharan Africa,CFA Franc BCEAO
Tonga,Tonga is famous for its Polynesian culture and beautiful island scenery.,Kingdom of Tonga,Hard,TO,TON,-21.17890075,-175.198242,Flag_of_Tonga.svg,https://upload.wikimedia.org/wikipedia/commons/9/9a/Flag_of_Tonga.svg,Nuku‘alofa,Oceania,106858,105254,106122,107383,102603,98727,96708,86484,747,143.0495,1.0079,0,Polynesia,Tongan Pa'anga
Trinidad and Tobago,Trinidad and Tobago is known for its vibrant Carnival festival and rich cultural diversity.,Republic of Trinidad and Tobago,Medium,TT,TTO,10.43241863,-61.222503,Flag_of_Trinidad_and_Tobago.svg,https://upload.wikimedia.org/wikipedia/commons/6/64/Flag_of_Trinidad_and_Tobago.svg,Port-of-Spain,North America,1531044,1518147,1460177,1410296,1332203,1266518,1127852,988890,5130,298.4491,1.0035,0.02,Latin America and the Caribbean,Trinidad and Tobago Dollar
Tunisia,"Tunisia is known for its ancient ruins, including Carthage, and its Mediterranean beaches.",Republic of Tunisia,Easy,TN,TUN,33.8843194,9.71878341,Flag_of_Tunisia.svg,https://upload.wikimedia.org/wikipedia/commons/c/ce/Flag_of_Tunisia.svg,Tunis,Africa,12356117,12161723,11557779,10895063,9893316,8440023,6578156,5047404,163610,75.5218,1.0076,0.15,Northern Africa,Tunisian Dollar
Turkey,"Turkey is known for its rich cultural heritage and historical landmarks, including Istanbul.",Republic of Türkiye,Easy,TR,TUR,38.27069555,36.28703317,Flag_of_Turkey.svg,https://upload.wikimedia.org/wikipedia/commons/b/b4/Flag_of_Turkey.svg,Ankara,Asia,85341241,84135428,79646178,73195345,64113547,54324142,44089069,35540990,783562,108.9145,1.0067,1.07,Western Asia,Turkish Lira
Turkmenistan,Turkmenistan is known for its vast deserts and unique historical sites like the ancient city of Merv.,Turkmenistan,Hard,TM,TKM,38.94915421,59.06190323,Flag_of_Turkmenistan.svg,https://upload.wikimedia.org/wikipedia/commons/1/1b/Flag_of_Turkmenistan.svg,Ashgabat,Asia,6430770,6250438,5766431,5267970,4569132,3720278,2862903,2201432,488100,13.1751,1.014,0.08,Central Asia,Manat
Tuvalu,Tuvalu is known for its low-lying atolls and as one of the smallest countries in the world.,Tuvalu,Hard,TV,TUV,-8.45968122,179.1331094,Flag_of_Tuvalu.svg,https://upload.wikimedia.org/wikipedia/commons/3/38/Flag_of_Tuvalu.svg,Funafuti,Oceania,11312,11069,10877,10550,9638,9182,7731,5814,26,435.0769,1.0096,0,Polynesia,Australian Dollar
Uganda,Uganda is known for its beautiful wildlife and as a home to mountain gorillas.,Republic of Uganda,Medium,UG,UGA,1.5476062,32.44409759,Flag_of_Uganda.svg,https://upload.wikimedia.org/wikipedia/commons/4/4e/Flag_of_Uganda.svg,Kampala,Africa,47249585,44404611,37477356,32341728,24020697,17586630,13284026,10317212,241550,195.61,1.0304,0.59,Sub-Saharan Africa,Uganda Shilling
Ukraine,"Ukraine is known for its rich cultural history and beautiful landscapes, including the Carpathian Mountains.",Ukraine,Easy,UA,UKR,48.89358596,31.1051692,Flag_of_Ukraine.svg,https://upload.wikimedia.org/wikipedia/commons/4/49/Flag_of_Ukraine.svg,Kiev,Europe,39701739,43909666,44982564,45683020,48879755,51589817,49973920,47279086,603500,65.7858,0.912,0.5,Eastern Europe,Ukraine Hryvnia
United Arab Emirates,"United Arab Emirates is known for its modern architecture and economic development, including the Burj Khalifa.",United Arab Emirates,Easy,AE,ARE,24.64324405,53.62261227,Flag_of_the_United_Arab_Emirates.svg,https://upload.wikimedia.org/wikipedia/commons/c/cb/Flag_of_the_United_Arab_Emirates.svg,Abu Dhabi,Asia,9441129,9287289,8916899,8481771,3275333,1900151,1014048,298084,83600,112.9322,1.0081,0.12,Western Asia,Arab Emirates Dirham
United Kingdom,"United Kingdom is famous for its rich history, including landmarks like the Tower of London and Buckingham Palace.",United Kingdom of Great Britain and Northern Ireland,Easy,GB,GBR,53.36540813,-2.72184767,Flag_of_the_United_Kingdom.svg,https://upload.wikimedia.org/wikipedia/en/a/ae/Flag_of_the_United_Kingdom.svg,London,Europe,67508936,67059474,65224364,62760039,58850043,57210442,56326328,55650166,242900,277.9289,1.0034,0.85,Northern Europe,Pound Sterling
United States,"United States is known for its diverse landscapes and cultural influence, including landmarks like the Statue of Liberty.",United States of America,Easy,US,USA,37.66895362,-102.3925645,Flag_of_the_United_States.svg,https://upload.wikimedia.org/wikipedia/en/a/a4/Flag_of_the_United_States.svg,"Washington, D.C.",North America,338289857,335942003,324607776,311182845,282398554,248083732,223140018,200328340,9372610,36.0935,1.0038,4.24,Northern America,US Dollar
Uruguay,Uruguay is known for its progressive social policies and beautiful beaches.,Eastern Republic of Uruguay,Medium,UY,URY,-32.49342987,-55.765833,Flag_of_Uruguay.svg,https://upload.wikimedia.org/wikipedia/commons/f/fe/Flag_of_Uruguay.svg,Montevideo,South America,3422794,3429086,3402818,3352651,3292224,3117012,2953750,2790265,181034,18.9069,0.999,0.04,Latin America and the Caribbean,Uruguayan Peso
Uzbekistan,Uzbekistan is known for its rich Silk Road heritage and beautiful Islamic architecture.,Republic of Uzbekistan,Hard,UZ,UZB,41.30829147,62.6297096,Flag_of_Uzbekistan.svg,https://upload.wikimedia.org/wikipedia/commons/8/84/Flag_of_Uzbekistan.svg,Tashkent,Asia,34627652,33526656,30949417,28614227,24925554,20579100,15947129,12011361,447400,77.3975,1.016,0.43,Central Asia,Uzbekistan Sum
Vanuatu,Vanuatu is known for its stunning beaches and rich cultural traditions.,Republic of Vanuatu,Hard,VU,VUT,-15.37256614,166.95916,Flag_of_Vanuatu.svg,https://upload.wikimedia.org/wikipedia/commons/b/bc/Flag_of_Vanuatu.svg,Port-Vila,Oceania,326740,311685,276438,245453,192074,150882,118156,87019,12189,26.8061,1.0238,0,Melanesia,Vanuatu Vatu
Venezuela,"Venezuela is known for its diverse landscapes, including Angel Falls, the world's highest uninterrupted waterfall.",Bolivarian Republic of Venezuela,Medium,VE,VEN,5.98477766,-65.94152264,Flag_of_Venezuela.svg,https://upload.wikimedia.org/wikipedia/commons/0/06/Flag_of_Venezuela.svg,Caracas,South America,28301696,28490453,30529716,28715022,24427729,19750579,15210443,11355475,916445,30.882,1.0036,0.35,Latin America and the Caribbean,Venezuelan Bolivar
Vietnam,"Vietnam is famous for its rich history, beautiful landscapes, and delicious cuisine.",Socialist Republic of Viet Nam,Medium,VN,VNM,17.19931699,107.140128,Flag_of_Vietnam.svg,https://upload.wikimedia.org/wikipedia/commons/2/21/Flag_of_Vietnam.svg,Hanoi,Asia,98186856,96648685,92191398,87411012,79001142,66912613,52968270,41928849,331212,296.4472,1.0074,1.23,South-eastern Asia,Vietnamese Dong
Yemen,"Yemen is known for its ancient architecture, including the old city of Sana'a.",Republic of Yemen,Hard,YE,YEM,15.60865453,47.60453676,Flag_of_Yemen.svg,https://upload.wikimedia.org/wikipedia/commons/8/89/Flag_of_Yemen.svg,Sanaa,Asia,33696614,32284046,28516545,24743946,18628700,13375121,9204938,6843607,527968,63.8232,1.0217,0.42,Western Asia,Yemeni Rial
Zambia,"Zambia is famous for its stunning natural beauty and wildlife, including Victoria Falls.",Republic of Zambia,Medium,ZM,ZMB,-13.01812188,28.33274444,Flag_of_Zambia.svg,https://upload.wikimedia.org/wikipedia/commons/0/06/Flag_of_Zambia.svg,Lusaka,Africa,20017675,18927715,16248230,13792086,9891136,7686401,5720438,4281671,752612,26.5976,1.028,0.25,Sub-Saharan Africa,Zambian Kwacha
Zimbabwe,"Zimbabwe is known for its diverse wildlife and historical sites, including Great Zimbabwe ruins.",Republic of Zimbabwe,Medium,ZW,ZWE,-19.00784952,30.18758584,Flag_of_Zimbabwe.svg,https://upload.wikimedia.org/wikipedia/commons/6/6a/Flag_of_Zimbabwe.svg,Harare,Africa,16320537,15669666,14154937,12839771,11834676,10113893,7049926,5202918,390757,41.7665,1.0204,0.2,Sub-Saharan Africa,Zimbabwe Dollar
